create database movie;
use movie;
CREATE TABLE ACTOR( 
ACT_ID int (3), 
ACT_NAME VARCHAR (20), 
ACT_GENDER CHAR (1), 
PRIMARY KEY (ACT_ID)); 
INSERT INTO ACTOR VALUES (301,"ANUSHKA",'F'); 
INSERT INTO ACTOR VALUES (302,"PRABHAS",'M'); 
INSERT INTO ACTOR VALUES (303,"PUNITH",'M'); 
INSERT INTO ACTOR VALUES (304,"JERMY",'M'); 

CREATE TABLE DIRECTOR ( 
DIR_ID int (3), 
DIR_NAME VARCHAR (20), 
DIR_PHONE int (10), 
PRIMARY KEY (DIR_ID)); 


CREATE TABLE MOVIES ( 
MOV_ID INT (4), 
MOV_TITLE VARCHAR (25), 
MOV_YEAR INT (4), 
MOV_LANG VARCHAR (12), 
DIR_ID INT (3), 
PRIMARY KEY (MOV_ID), 
FOREIGN KEY (DIR_ID) REFERENCES DIRECTOR (DIR_ID));

CREATE TABLE MOVIE_CAST ( 
ACT_ID int (3), 
MOV_ID int (4), 
ROLE VARCHAR (10), 
PRIMARY KEY (ACT_ID, MOV_ID), 
FOREIGN KEY (ACT_ID) REFERENCES ACTOR (ACT_ID), 
FOREIGN KEY (MOV_ID) REFERENCES MOVIES (MOV_ID)); 
drop table rating;
CREATE TABLE RATING ( 
MOV_ID int (4), 
REV_STARS VARCHAR (25), 
PRIMARY KEY (MOV_ID), 
FOREIGN KEY (MOV_ID) REFERENCES MOVIES (MOV_ID));

INSERT INTO DIRECTOR VALUES (60,"RAJAMOULI", 8751611001); 
INSERT INTO DIRECTOR VALUES (61,"HITCHCOCK", 7766138911); 
INSERT INTO DIRECTOR VALUES (62,"FARAN", 9986776531); 
INSERT INTO DIRECTOR VALUES (63,"STEVEN SPIELBERG", 8989776530);
#  ALTER TABLE  director
# modify COLUMN dir_phone bigint;
INSERT INTO MOVIES VALUES (1001,"BAHUBALI-2", 2017, "TELAGU", 60); 
INSERT INTO MOVIES VALUES (1002,"BAHUBALI-1", 2015, "TELAGU", 60); 
INSERT INTO MOVIES VALUES (1003,"AKASH", 2008, "KANNADA", 61); 
INSERT INTO MOVIES VALUES (1004,"WAR HORSE", 2011, "ENGLISH", 63);

INSERT INTO MOVIE_CAST VALUES (301, 1002, "HEROINE"); 
INSERT INTO MOVIE_CAST VALUES (301, 1001, "HEROINE"); 
INSERT INTO MOVIE_CAST VALUES (303, 1003, "HERO"); 
INSERT INTO MOVIE_CAST VALUES (303, 1002, "GUEST"); 
INSERT INTO MOVIE_CAST VALUES (304, 1004, "HERO"); 


INSERT INTO RATING VALUES (1001, 4); 
INSERT INTO RATING VALUES (1002, 2);
INSERT INTO RATING VALUES (1003, 5); 
INSERT INTO RATING VALUES (1004, 4);

/* Q1  List the titles of all movies
directed by ‘Hitchcock’.
*/

select m.mov_title from movies m ,director d
where m.dir_id = d.Dir_id and dir_name= "Hitchcock";


/* Q 2. Find the movie names where one 
or more actors acted in two or 
more movies
*/

select mov_title from movies 
where mov_id in(
select mov_id from movie_cast 
group by mov_id 
having count(act_id)>=2
);

/*Q 3 . List all actors who acted 
in a movie before 2000 and also in
a movie after 2015 (use JOIN operation). 
*/
SELECT A.ACT_NAME, A.ACT_NAME, C.MOV_TITLE, C.MOV_YEAR 
FROM ACTOR A, MOVIE_CAST B, MOVIES C 
WHERE A.ACT_ID=B.ACT_ID 
AND B.MOV_ID=C.MOV_ID 
AND C.MOV_YEAR NOT BETWEEN 2000 AND 2015;


/* Q4. Find the title of movies and number
of stars for each movie that has at least
one rating and find the highest number of
stars that movie received.
Sort the result by movie title.
*/
SELECT MOV_TITLE, MAX (REV_STARS) 
FROM MOVIES 
INNER JOIN RATING USING (MOV_ID) 
GROUP BY MOV_TITLE 
HAVING MAX (REV_STARS)>0 
ORDER BY MOV_TITLE;


/*6.	Update rating of all movies 
directed by ‘Steven Spielberg’ to 5 KL 
*/
UPDATE RATING 
SET REV_STARS=5 
WHERE MOV_ID IN (SELECT MOV_ID FROM MOVIES 
WHERE DIR_ID IN (SELECT DIR_ID 
FROM DIRECTOR 
WHERE DIR_NAME = "STEVEN SPIELBERG"));
select * from rating;
